0MM0;Peinture metallisee;400.0
ZH75;Jantes alliage leger 15p;450.0
VD09;Vitres laterales arrieres surteintees;150.0
PR01;Phares antibrouillard avant;150.0
FE10;Pack LED;350.0
OK01;Toit panoramique vitre;450.0
HU02;Retroviseurs exterieurs rabattables electriquement;200.0
AB08;Alarme volumetrique et perimetrique;350.0
J2U7;Pack Cool Air conditionne;900.0
UB01;Detecteur d'obstacles arriere;250.0
LE05;Leve-vitres arriere electriques;200.0
VH02;Volant croute de cuir noir;150.0
WLQU;Systeme de navigation Europe;900.0
UN01;Pack Hi-fi;500.0
NA01;Sieges avant chauffants;350.0
UB03;Detecteur d'obstacles avant;150.0
OP8Y;Garnissage mi-cuir/tissu;900.0
TC07;Toit ouvrant electrique vitre;800.0
